tray;pot;position;genotype;treatment;weight only?;weight
1;1;1_1;Col0_ics1;#3;;0.146
1;2;1_2;Eyach;Control;W;0.231
1;3;1_3;Tu-Wal_acd6;#3;;0.19
1;4;1_4;Tu-Wal_acd6;#2;;0.217
1;5;1_5;Col0_acd6;#1_boil;W;0.25
1;6;1_6;Lu;#1_boil;W;0.23
1;8;1_8;Tu-Wal;#1_boil;W;0.087
1;9;1_9;Tu-Wal_acd6;#1;;0.163
1;10;1_10;Tu-Wal;#3;;0.125
1;12;1_12;Tu-Wal;Control;W;0.075
1;13;1_13;Lu;#3;;0.212
1;14;1_14;Col0_acd6;#2;;0.174
1;15;1_15;HE;#1_boil;W;0.131
1;16;1_16;Tu-Wal_ics1;Control;W;0.098
1;17;1_17;Tu-Wal_acd6;#1_boil;W;0.102
1;18;1_18;Col0_ics1;#1;;0.122
1;19;1_19;Col0_ics1;Control;W;0.104
1;20;1_20;Schl;Control;W;0.149
1;21;1_21;Schl;#1_boil;W;0.198
1;22;1_22;Tu-Wal_ics1;#3;;0.087
1;23;1_23;Col0;Control;W;0.135
1;24;1_24;HE;Control;W;0.183
1;25;1_25;Tu-Wal_ics1;#1;;0.132
1;26;1_26;Kus;#2;;0.172
1;27;1_27;Tu-Wal;#1;;0.087
1;28;1_28;Eyach;#1_boil;W;0.389
1;29;1_29;Kus;Control;W;0.223
1;30;1_30;Eyach;#1;;0.157
1;31;1_31;Kus;#1;;0.195
1;32;1_32;Tu-Wal;#2;;0.095
1;33;1_33;Col0;#2;;0.143
1;34;1_34;Col0;#1_boil;W;0.199
1;35;1_35;HE;#1;;0.21
1;36;1_36;Kus;#1_boil;W;0.116
1;37;1_37;HE;#3;;0.21
1;38;1_38;Lu;#1;;0.12
1;39;1_39;Eyach;#3;;0.131
1;40;1_40;Tu-Wal_ics1;#1_boil;W;0.178
1;41;1_41;Tu-Wal_acd6;Control;W;0.147
1;42;1_42;Col0;#1;;0.077
1;43;1_43;Col0_acd6;#1;;0.091
1;44;1_44;Schl;#1;;0.147
1;45;1_45;Col0_acd6;Control;W;0.171
1;46;1_46;HE;#2;;0.257
1;47;1_47;Col0_ics1;#2;;0.1
1;48;1_48;Tu-Wal_ics1;#2;;0.168
1;49;1_49;Col0_acd6;#3;;0.212
1;50;1_50;Lu;Control;W;0.12
1;51;1_51;Lu;#2;;0.114
1;52;1_52;Col0;#3;;0.263
1;53;1_53;Kus;#3;;0.229
1;54;1_54;Schl;#3;;0.29
1;55;1_55;Eyach;#2;;0.199
2;1;2_1;Eyach;#1_boil;W;0.192
2;2;2_2;Tu-Wal;#2;;0.083
2;3;2_3;Tu-Wal_ics1;#1_boil;W;0.063
2;4;2_4;Col0_acd6;#2;;0.191
2;5;2_5;Eyach;#1;;0.105
2;6;2_6;Tu-Wal_acd6;#3;;0.113
2;7;2_7;Eyach;#3;;0.142
2;8;2_8;Col0_ics1;#3;;0.096
2;9;2_9;Kus;#3;;0.142
2;10;2_10;Tu-Wal_acd6;#1;;0.117
2;11;2_11;Tu-Wal_acd6;#2;;0.249
2;12;2_12;Tu-Wal_ics1;#2;;0.138
2;13;2_13;Col0;Control;W;0.128
2;14;2_14;Lu;#1;;0.092
2;15;2_15;Tu-Wal;Control;W;0.077
2;16;2_16;Col0;#1;;0.174
2;17;2_17;Col0_ics1;Control;W;0.077
2;18;2_18;Col0_ics1;#2;;0.107
2;19;2_19;Eyach;Control;W;0.204
2;20;2_20;Tu-Wal_ics1;Control;W;0.094
2;21;2_21;Lu;#3;;0.242
2;22;2_22;Tu-Wal;#1_boil;W;0.074
2;23;2_23;Schl;#3;;0.236
2;24;2_24;Tu-Wal_acd6;#1_boil;W;0.124
2;25;2_25;Schl;Control;W;0.221
2;26;2_26;Tu-Wal_ics1;#3;;0.158
2;27;2_27;Tu-Wal_acd6;Control;W;0.095
2;29;2_29;Kus;#1_boil;W;0.119
2;30;2_30;Col0_acd6;#1;;0.204
2;31;2_31;Col0_acd6;#3;;0.149
2;32;2_32;Tu-Wal_ics1;#1;;0.087
2;33;2_33;Lu;#2;;0.206
2;34;2_34;Kus;#2;;0.26
2;35;2_35;Lu;#1_boil;W;0.17
2;36;2_36;Col0_acd6;Control;W;0.209
2;37;2_37;Kus;#1;;0.123
2;38;2_38;Lu;Control;W;0.159
2;39;2_39;Col0;#1_boil;W;0.157
2;40;2_40;Eyach;#2;;0.283
2;41;2_41;Col0;#3;;0.197
2;42;2_42;HE;#2;;0.165
2;43;2_43;HE;#3;;0.245
2;44;2_44;Schl;#1_boil;W;0.171
2;45;2_45;HE;Control;W;0.264
2;46;2_46;HE;#1_boil;W;0.198
2;47;2_47;HE;#1;;0.127
2;48;2_48;Col0;#2;;0.189
2;49;2_49;Schl;#1;;0.085
2;50;2_50;Kus;Control;W;0.216
2;51;2_51;Col0_ics1;#1;;0.083
2;53;2_53;Col0_acd6;#1_boil;W;0.285
2;54;2_54;Tu-Wal;#3;;0.087
2;55;2_55;Tu-Wal;#1;;0.067
3;1;3_1;Col0_ics1;#1;;0.082
3;2;3_2;Eyach;#2;;0.229
3;3;3_3;HE;Control;W;0.142
3;4;3_4;Tu-Wal_acd6;#1;;0.096
3;5;3_5;Tu-Wal_ics1;#1;;0.15
3;6;3_6;Eyach;#3;;0.164
3;7;3_7;Tu-Wal;#1;;0.091
3;8;3_8;Tu-Wal;#2;;0.094
3;9;3_9;Kus;#2;;0.204
3;10;3_10;Col0_ics1;#2;;0.088
3;11;3_11;Tu-Wal;#3;;0.081
3;12;3_12;Col0_acd6;#1;;0.192
3;13;3_13;HE;#1;;0.143
3;14;3_14;Eyach;#1;;0.151
3;15;3_15;Eyach;#1_boil;W;0.167
3;16;3_16;Lu;#1_boil;W;0.232
3;17;3_17;Lu;#2;;0.157
3;18;3_18;Schl;#1_boil;W;0.156
3;19;3_19;HE;#1_boil;W;0.169
3;20;3_20;Col0_ics1;Control;W;0.156
3;21;3_21;HE;#2;;0.203
3;22;3_22;Schl;Control;W;0.252
3;23;3_23;Kus;#3;;0.253
3;24;3_24;Tu-Wal_acd6;#3;;0.074
3;25;3_25;Schl;#3;;0.292
3;26;3_26;Tu-Wal_acd6;#2;;0.196
3;27;3_27;Col0_acd6;#2;;0.227
3;28;3_28;Schl;#1;;0.141
3;29;3_29;Tu-Wal_acd6;#1_boil;W;0.128
3;30;3_30;Col0;Control;W;0.14
3;31;3_31;Col0;#3;;0.172
3;32;3_32;Tu-Wal_ics1;#2;;0.152
3;33;3_33;Col0;#1_boil;W;0.172
3;34;3_34;Lu;Control;W;0.162
3;35;3_35;Tu-Wal_ics1;Control;W;0.122
3;36;3_36;Lu;#1;;0.156
3;37;3_37;Tu-Wal_acd6;Control;W;0.134
3;38;3_38;Schl;#2;;0.278
3;40;3_40;HE;#3;;0.183
3;41;3_41;Kus;#1_boil;W;0.233
3;42;3_42;Col0;#2;;0.126
3;43;3_43;Kus;#1;;0.139
3;44;3_44;Lu;#3;;0.309
3;45;3_45;Eyach;Control;W;0.283
3;46;3_46;Tu-Wal;#1_boil;W;0.082
3;47;3_47;Col0_ics1;#3;;0.076
3;48;3_48;Col0_acd6;#1_boil;W;0.208
3;49;3_49;Col0;#1;;0.177
3;50;3_50;Tu-Wal_ics1;#1_boil;W;0.158
3;51;3_51;Col0_acd6;Control;W;0.236
3;52;3_52;Tu-Wal_ics1;#3;;0.096
3;53;3_53;Col0_acd6;#3;;0.235
3;54;3_54;Tu-Wal;Control;W;0.109
3;55;3_55;Kus;Control;W;0.194
4;1;4_1;HE;#2;;0.22
4;2;4_2;HE;#1;;0.172
4;3;4_3;Col0_ics1;#1_boil;W;0.133
4;4;4_4;Kus;#1;;0.258
4;5;4_5;Col0_ics1;#3;;0.093
4;6;4_6;Tu-Wal;#2;;0.147
4;7;4_7;Col0;#3;;0.182
4;8;4_8;Tu-Wal_acd6;#2;;0.206
4;9;4_9;Col0;#1;;0.142
4;10;4_10;Tu-Wal;Control;W;0.019
4;11;4_11;Tu-Wal_acd6;#1;;0.129
4;12;4_12;Tu-Wal;#1;;0.098
4;13;4_13;Lu;#3;;0.243
4;14;4_14;Col0_ics1;#2;;0.12
4;15;4_15;Eyach;#1;;0.12
4;16;4_16;Col0;#1_boil;W;0.173
4;17;4_17;Tu-Wal;#3;;0.11
4;18;4_18;Tu-Wal;#1_boil;W;0.098
4;19;4_19;Tu-Wal_acd6;Control;W;0.14
4;20;4_20;Col0_acd6;Control;W;0.188
4;21;4_21;Eyach;Control;W;0.237
4;22;4_22;Tu-Wal_ics1;#1;;0.125
4;23;4_23;Lu;Control;W;0.159
4;24;4_24;Kus;#1_boil;W;0.175
4;25;4_25;Tu-Wal_ics1;#1_boil;W;0.188
4;26;4_26;Col0;#2;;0.173
4;27;4_27;Schl;#2;;0.228
4;28;4_28;Col0;Control;W;0.135
4;30;4_30;Lu;#1;;0.128
4;31;4_31;Col0_acd6;#3;;0.199
4;32;4_32;Tu-Wal_ics1;#3;;0.17
4;33;4_33;Col0_acd6;#1_boil;W;0.175
4;34;4_34;HE;#3;;0.246
4;35;4_35;HE;Control;W;0.166
4;36;4_36;Eyach;#1_boil;W;0.238
4;37;4_37;Kus;Control;W;0.209
4;38;4_38;Schl;#1;;0.155
4;39;4_39;Eyach;#2;;0.293
4;40;4_40;Kus;#3;;0.195
4;41;4_41;Tu-Wal_ics1;#2;;0.154
4;42;4_42;Tu-Wal_acd6;#3;;0.112
4;43;4_43;Schl;#1_boil;W;0.202
4;44;4_44;Lu;#2;;0.17
4;45;4_45;Eyach;#3;;0.321
4;46;4_46;Kus;#2;;0.218
4;47;4_47;Tu-Wal_acd6;#1_boil;W;0.11
4;49;4_49;Col0_ics1;Control;W;0.121
4;50;4_50;Lu;#1_boil;W;0.189
4;52;4_52;Tu-Wal_ics1;Control;W;0.1
4;53;4_53;Col0_acd6;#2;;0.268
4;54;4_54;Col0_ics1;#1;;0.06
4;55;4_55;Col0_acd6;#1;;0.174
5;1;5_1;Eyach;Control;W;0.256
5;2;5_2;HE;#1_boil;W;0.17
5;3;5_3;Col0_acd6;#1_boil;W;0.183
5;4;5_4;Col0_ics1;#3;;0.1
5;5;5_5;HE;#3;;0.149
5;6;5_6;Col0;Control;W;0.168
5;7;5_7;Lu;#2;;0.155
5;8;5_8;Col0_ics1;#1_boil;W;0.081
5;9;5_9;Eyach;#3;;0.139
5;10;5_10;Col0_acd6;#2;;0.162
5;11;5_11;Tu-Wal_acd6;#3;;0.12
5;12;5_12;Tu-Wal_ics1;#3;;0.147
5;13;5_13;Tu-Wal_ics1;#2;;0.191
5;14;5_14;Eyach;#1_boil;W;0.165
5;15;5_15;Tu-Wal_acd6;#1_boil;W;0.126
5;16;5_16;Tu-Wal;#1;;0.051
5;17;5_17;Kus;#2;;0.264
5;18;5_18;Kus;Control;W;0.169
5;19;5_19;Lu;#3;;0.27
5;20;5_20;HE;Control;W;0.241
5;21;5_21;Col0_ics1;#2;;0.076
5;22;5_22;Eyach;#1;;0.154
5;23;5_23;Col0;#1_boil;W;0.187
5;24;5_24;Kus;#3;;0.195
5;25;5_25;Tu-Wal;#3;;0.097
5;26;5_26;Tu-Wal_ics1;Control;W;0.077
5;27;5_27;Col0;#3;;0.146
5;28;5_28;Col0_ics1;Control;W;0.119
5;29;5_29;Tu-Wal;#2;;0.092
5;30;5_30;Col0;#2;;0.156
5;32;5_32;Col0;#1;;0.191
5;33;5_33;Col0_acd6;Control;W;0.218
5;34;5_34;Col0_acd6;#1;;0.176
5;35;5_35;Col0_ics1;#1;;0.115
5;36;5_36;Tu-Wal_ics1;#1;;0.192
5;37;5_37;Tu-Wal;Control;W;0.272
5;38;5_38;Tu-Wal;#1_boil;W;0.084
5;39;5_39;Kus;#1;;0.162
5;40;5_40;Schl;#3;;0.2
5;41;5_41;Eyach;#2;;0.247
5;42;5_42;Lu;#1;;0.146
5;43;5_43;HE;#2;;0.243
5;44;5_44;Schl;#1_boil;W;0.258
5;45;5_45;Tu-Wal_acd6;Control;W;0.149
5;46;5_46;Kus;#1_boil;W;0.177
5;47;5_47;HE;#1;;0.096
5;48;5_48;Lu;#1_boil;W;0.189
5;49;5_49;Lu;Control;W;0.216
5;50;5_50;Tu-Wal_ics1;#1_boil;W;0.178
5;52;5_52;Schl;#2;;0.339
5;53;5_53;Tu-Wal_acd6;#1;;0.105
5;54;5_54;Col0_acd6;#3;;0.12
5;55;5_55;Tu-Wal_acd6;#2;;0.265
6;1;6_1;Col0_ics1;#1_boil;W;0.146
6;2;6_2;Schl;#1_boil;W;0.276
6;3;6_3;HE;#3;;0.236
6;4;6_4;Col0;Control;W;0.277
6;5;6_5;Lu;Control;W;0.188
6;6;6_6;Col0;#2;;0.23
6;7;6_7;Eyach;#3;;0.145
6;8;6_8;Schl;#1;;0.102
6;9;6_9;Col0_acd6;#1_boil;W;0.181
6;10;6_10;Kus;#1_boil;W;0.16
6;11;6_11;HE;#2;;0.254
6;12;6_12;Col0;#3;;0.229
6;13;6_13;Col0_acd6;#2;;0.173
6;14;6_14;Schl;#2;;0.203
6;15;6_15;Lu;#1_boil;W;0.271
6;16;6_16;HE;#1;;0.13
6;17;6_17;Kus;#1;;0.112
6;18;6_18;Tu-Wal;Control;W;0.123
6;19;6_19;Col0_acd6;Control;W;0.138
6;20;6_20;Tu-Wal_acd6;#1_boil;W;0.156
6;21;6_21;Tu-Wal_ics1;#3;;0.14
6;22;6_22;Kus;#2;;0.269
6;23;6_23;Tu-Wal_ics1;#2;;0.108
6;24;6_24;Tu-Wal_acd6;#1;;0.093
6;25;6_25;Col0_ics1;#3;;0.147
6;26;6_26;Lu;#2;;0.177
6;27;6_27;Tu-Wal_acd6;#2;;0.245
6;28;6_28;Eyach;#2;;0.207
6;29;6_29;Col0_ics1;Control;W;0.138
6;30;6_30;Col0;#1_boil;W;0.246
6;31;6_31;Tu-Wal_acd6;#3;;0.134
6;32;6_32;Lu;#1;;0.095
6;33;6_33;Kus;#3;;0.192
6;34;6_34;Tu-Wal;#3;;0.044
6;35;6_35;Kus;Control;W;0.192
6;36;6_36;Schl;Control;W;0.28
6;37;6_37;Tu-Wal;#2;;0.147
6;38;6_38;Col0_acd6;#1;;0.161
6;39;6_39;Col0_ics1;#1;;0.129
6;40;6_40;Tu-Wal_ics1;#1;;0.146
6;41;6_41;HE;Control;W;0.172
6;42;6_42;Tu-Wal_ics1;#1_boil;W;0.167
6;43;6_43;Tu-Wal_ics1;Control;W;0.141
6;44;6_44;Eyach;#1_boil;W;0.076
6;45;6_45;Schl;#3;;0.175
6;46;6_46;Eyach;Control;W;0.143
6;47;6_47;Tu-Wal;#1_boil;W;0.095
6;49;6_49;Col0_acd6;#3;;0.17
6;50;6_50;Col0;#1;;0.218
6;51;6_51;Eyach;#1;;0.14
6;52;6_52;Tu-Wal_acd6;Control;W;0.127
6;53;6_53;Lu;#3;;0.282
6;54;6_54;Tu-Wal;#1;;0.106
6;55;6_55;Col0_ics1;#2;;0.117
7;1;7_1;Tu-Wal_acd6;Control;W;0.108
7;2;7_2;Schl;#2;;0.13
7;3;7_3;Schl;#3;;0.172
7;4;7_4;Col0;#1;;0.137
7;5;7_5;Col0;#2;;0.164
7;6;7_6;Col0_acd6;Control;W;0.109
7;7;7_7;Eyach;#3;;0.076
7;8;7_8;Kus;Control;W;0.119
7;9;7_9;Tu-Wal_acd6;#1;;0.109
7;11;7_11;Tu-Wal_ics1;Control;W;0.097
7;12;7_12;Eyach;#1_boil;W;0.058
7;13;7_13;HE;Control;W;0.179
7;14;7_14;Col0_ics1;#2;;0.12
7;15;7_15;Tu-Wal_ics1;#1_boil;W;0.126
7;16;7_16;Col0;#3;;0.199
7;17;7_17;Tu-Wal;#2;;0.061
7;18;7_18;HE;#1_boil;W;0.136
7;19;7_19;Lu;#3;;0.267
7;20;7_20;Col0_ics1;Control;W;0.084
7;21;7_21;Tu-Wal_acd6;#2;;0.143
7;22;7_22;Col0_ics1;#3;;0.079
7;23;7_23;Eyach;#1;;0.088
7;24;7_24;Tu-Wal;#3;;0.049
7;25;7_25;Schl;Control;W;0.223
7;26;7_26;Tu-Wal_ics1;#1;;0.066
7;27;7_27;Lu;Control;W;0.134
7;28;7_28;Lu;#1_boil;W;0.25
7;29;7_29;Kus;#2;;0.229
7;30;7_30;Eyach;#2;;0.162
7;31;7_31;Tu-Wal_ics1;#2;;0.206
7;32;7_32;Tu-Wal_ics1;#3;;0.124
7;33;7_33;Col0;#1_boil;W;0.151
7;34;7_34;Kus;#1;;0.099
7;35;7_35;Tu-Wal_acd6;#1_boil;W;0.094
7;36;7_36;Col0;Control;W;0.153
7;37;7_37;HE;#2;;0.236
7;38;7_38;Tu-Wal_acd6;#3;;0.137
7;39;7_39;Tu-Wal;#1_boil;W;0.08
7;40;7_40;Schl;#1;;0.11
7;41;7_41;HE;#3;;0.202
7;42;7_42;Col0_acd6;#2;;0.136
7;43;7_43;Col0_acd6;#3;;0.148
7;44;7_44;HE;#1;;0.193
7;45;7_45;Eyach;Control;W;0.219
7;46;7_46;Lu;#2;;0.207
7;47;7_47;Kus;#1_boil;W;0.12
7;48;7_48;Col0_ics1;#1;;0.085
7;49;7_49;Col0_ics1;#1_boil;W;0.116
7;50;7_50;Lu;#1;;0.178
7;51;7_51;Tu-Wal;Control;W;0.133
7;52;7_52;Col0_acd6;#1;;0.158
7;53;7_53;Kus;#3;;0.166
7;54;7_54;Tu-Wal;#1;;0.073
7;55;7_55;Col0_acd6;#1_boil;W;0.194
8;1;8_1;Tu-Wal_ics1;#1;;0.126
8;2;8_2;Kus;#2;;0.234
8;3;8_3;Col0_acd6;#2;;0.12
8;4;8_4;Kus;#1_boil;W;0.185
8;5;8_5;Lu;Control;W;0.207
8;6;8_6;Tu-Wal;Control;W;0.067
8;7;8_7;Col0;#3;;0.196
8;8;8_8;Kus;Control;W;0.241
8;9;8_9;Col0_acd6;#3;;0.197
8;10;8_10;Tu-Wal;#1;;0.11
8;11;8_11;HE;#1;;0.176
8;12;8_12;Eyach;#2;;0.202
8;13;8_13;Schl;#1;;0.142
8;14;8_14;Tu-Wal_acd6;#1;;0.179
8;15;8_15;Schl;Control;W;0.205
8;16;8_16;Col0_acd6;Control;W;0.168
8;17;8_17;Col0;#2;;0.138
8;18;8_18;Col0_ics1;Control;W;0.166
8;19;8_19;Tu-Wal_ics1;#1_boil;W;0.132
8;20;8_20;Col0_acd6;#1_boil;W;0.168
8;21;8_21;Lu;#1_boil;W;0.194
8;22;8_22;HE;Control;W;0.145
8;24;8_24;Tu-Wal_ics1;Control;W;0.118
8;25;8_25;Kus;#1;;0.198
8;26;8_26;Lu;#3;;0.24
8;27;8_27;Lu;#1;;0.111
8;28;8_28;Kus;#3;;0.315
8;29;8_29;Col0_ics1;#1_boil;W;0.096
8;30;8_30;Col0_ics1;#1;;0.071
8;31;8_31;HE;#2;;0.257
8;32;8_32;Tu-Wal_acd6;#1_boil;W;0.152
8;33;8_33;Col0;#1_boil;W;0.208
8;34;8_34;Lu;#2;;0.183
8;35;8_35;HE;#3;;0.171
8;36;8_36;Tu-Wal;#3;;0.134
8;37;8_37;Col0;Control;W;0.175
8;38;8_38;Tu-Wal_acd6;#2;;0.152
8;39;8_39;Col0;#1;;0.183
8;40;8_40;HE;#1_boil;W;0.2
8;41;8_41;Eyach;#1;;0.073
8;42;8_42;Tu-Wal_acd6;#3;;0.158
8;43;8_43;Eyach;#3;;0.157
8;44;8_44;Tu-Wal;#1_boil;W;0.096
8;45;8_45;Tu-Wal_ics1;#3;;0.074
8;46;8_46;Tu-Wal_ics1;#2;;0.143
8;47;8_47;Col0_ics1;#2;;0.132
8;49;8_49;Eyach;#1_boil;W;0.259
8;50;8_50;Eyach;Control;W;0.208
8;51;8_51;Col0_acd6;#1;;0.144
8;52;8_52;Schl;#2;;0.261
8;53;8_53;Col0_ics1;#3;;0.079
8;54;8_54;Tu-Wal_acd6;Control;W;0.089
8;55;8_55;Tu-Wal;#2;;0.103
9;1;9_1;HE;#2;;0.165
9;2;9_2;Col0_acd6;#3;;0.238
9;3;9_3;HE;#1;;0.178
9;4;9_4;Tu-Wal;#1_boil;W;0.095
9;5;9_5;Col0_ics1;#2;;0.131
9;6;9_6;Col0;Control;W;0.225
9;7;9_7;HE;Control;W;0.256
9;8;9_8;Schl;#2;;0.233
9;9;9_9;Col0_acd6;#1_boil;W;0.172
9;10;9_10;Lu;#1_boil;W;0.202
9;11;9_11;Tu-Wal;#3;;0.101
9;12;9_12;Tu-Wal_ics1;#2;;0.117
9;13;9_13;Eyach;#2;;0.246
9;14;9_14;Schl;#3;;0.326
9;15;9_15;HE;#3;;0.301
9;16;9_16;Kus;#2;;0.245
9;17;9_17;Tu-Wal_acd6;Control;W;0.2
9;18;9_18;Eyach;#3;;0.255
9;19;9_19;Lu;Control;W;0.182
9;20;9_20;Lu;#2;;0.212
9;21;9_21;Col0;#1_boil;W;0.153
9;22;9_22;Tu-Wal;Control;W;0.19
9;23;9_23;Eyach;#1_boil;W;0.187
9;24;9_24;Col0_ics1;#3;;0.191
9;25;9_25;Tu-Wal_ics1;Control;W;0.2
9;26;9_26;Tu-Wal;#2;;0.116
9;27;9_27;Eyach;Control;W;0.231
9;28;9_28;Tu-Wal_acd6;#2;;0.139
9;29;9_29;Kus;#3;;0.215
9;30;9_30;Col0_ics1;Control;W;0.124
9;31;9_31;Tu-Wal_acd6;#1;;0.172
9;32;9_32;Col0_ics1;#1_boil;W;0.141
9;33;9_33;Col0_acd6;#1;;0.125
9;34;9_34;Col0;#3;;0.215
9;35;9_35;Tu-Wal_ics1;#3;;0.16
9;36;9_36;Tu-Wal;#1;;0.073
9;37;9_37;Tu-Wal_acd6;#1_boil;W;0.123
9;38;9_38;Tu-Wal_ics1;#1;;0.094
9;39;9_39;Schl;Control;W;0.221
9;40;9_40;Col0_acd6;#2;;0.164
9;41;9_41;Schl;#1;;0.122
9;42;9_42;Col0;#1;;0.195
9;43;9_43;Kus;#1_boil;W;0.18
9;44;9_44;Lu;#3;;0.232
9;45;9_45;Schl;#1_boil;W;0.203
9;46;9_46;Kus;Control;W;0.242
9;47;9_47;Col0_acd6;Control;W;0.185
9;48;9_48;Col0;#2;;0.212
9;49;9_49;HE;#1_boil;W;0.217
9;50;9_50;Tu-Wal_ics1;#1_boil;W;0.138
9;51;9_51;Tu-Wal_acd6;#3;;0.113
9;52;9_52;Kus;#1;;0.164
9;53;9_53;Eyach;#1;;0.104
9;54;9_54;Lu;#1;;0.163
9;55;9_55;Col0_ics1;#1;;0.072
10;1;10_1;Lu;#1_boil;W;0.222
10;2;10_2;Kus;#2;;0.207
10;3;10_3;Tu-Wal;#1;;0.074
10;4;10_4;Kus;#1;;0.129
10;5;10_5;Col0;#3;;0.178
10;6;10_6;HE;#1_boil;W;0.179
10;7;10_7;Eyach;#1;;0.065
10;8;10_8;Kus;Control;W;0.161
10;9;10_9;Tu-Wal;#1_boil;W;0.085
10;10;10_10;Col0_acd6;#1_boil;W;0.163
10;11;10_11;HE;Control;W;0.192
10;12;10_12;Col0_ics1;#1_boil;W;0.112
10;13;10_13;Col0;#1;;0.197
10;14;10_14;Col0_acd6;#1;;0.133
10;15;10_15;Col0_acd6;Control;W;0.196
10;16;10_16;Tu-Wal_ics1;#2;;0.145
10;17;10_17;Col0_ics1;#2;;0.096
10;18;10_18;Col0;Control;W;0.161
10;19;10_19;Tu-Wal_acd6;#3;;0.122
10;20;10_20;Eyach;Control;W;0.165
10;21;10_21;Kus;#1_boil;W;0.196
10;22;10_22;Eyach;#2;;0.173
10;23;10_23;Col0_acd6;#2;;0.144
10;24;10_24;Tu-Wal;#3;;0.102
10;25;10_25;Schl;#3;;0.245
10;26;10_26;Lu;Control;W;0.155
10;27;10_27;Lu;#3;;0.175
10;28;10_28;Tu-Wal;#2;;0.163
10;29;10_29;Tu-Wal_ics1;Control;W;0.158
10;30;10_30;HE;#2;;0.205
10;31;10_31;HE;#3;;0.148
10;32;10_32;Tu-Wal_ics1;#1_boil;W;0.075
10;33;10_33;Lu;#1;;0.079
10;34;10_34;Schl;Control;W;0.214
10;35;10_35;Col0;#2;;0.118
10;36;10_36;Col0_acd6;#3;;0.159
10;37;10_37;Col0;#1_boil;W;0.193
10;38;10_38;Schl;#2;;0.22
10;39;10_39;Tu-Wal_acd6;#1_boil;W;0.115
10;40;10_40;Tu-Wal_ics1;#3;;0.086
10;41;10_41;Lu;#2;;0.159
10;43;10_43;Tu-Wal;Control;W;0.096
10;44;10_44;Kus;#3;;0.139
10;45;10_45;Tu-Wal_ics1;#1;;0.125
10;46;10_46;Eyach;#3;;0.209
10;47;10_47;HE;#1;;0.096
10;48;10_48;Col0_ics1;#1;;0.08
10;49;10_49;Eyach;#1_boil;W;0.291
10;50;10_50;Tu-Wal_acd6;#2;;0.123
10;51;10_51;Col0_ics1;Control;W;0.118
10;52;10_52;Tu-Wal_acd6;Control;W;0.121
10;53;10_53;Schl;#1_boil;W;0.177
10;54;10_54;Tu-Wal_acd6;#1;;0.139
10;55;10_55;Col0_ics1;#3;;0.138
11;1;11_1;Tu-Wal;#1_boil;W;0.09
11;2;11_2;Lu;Control;W;0.167
11;3;11_3;Schl;#1_boil;W;0.222
11;4;11_4;Eyach;#1_boil;W;0.185
11;5;11_5;Tu-Wal_ics1;#3;;0.07
11;6;11_6;HE;#2;;0.198
11;7;11_7;Kus;#2;;0.254
11;8;11_8;Col0;#1_boil;W;0.225
11;9;11_9;Col0_ics1;#1;;0.035
11;10;11_10;Col0_acd6;#2;;0.196
11;11;11_11;Col0_ics1;#3;;0.075
11;12;11_12;Tu-Wal;#2;;0.094
11;13;11_13;Col0_acd6;#1_boil;W;0.147
11;14;11_14;Eyach;#2;;0.268
11;15;11_15;Col0_acd6;#1;;0.107
11;16;11_16;Kus;#1_boil;W;0.1
11;17;11_17;Kus;#1;;0.079
11;18;11_18;Col0;#1;;0.159
11;19;11_19;Col0_ics1;#2;;0.115
11;20;11_20;Schl;#1;;0.1
11;21;11_21;Col0_ics1;Control;W;0.123
11;22;11_22;Col0_acd6;Control;W;0.186
11;23;11_23;Col0;#2;;0.179
11;24;11_24;HE;#1_boil;W;0.215
11;25;11_25;Lu;#3;;0.244
11;26;11_26;Tu-Wal_acd6;#2;;0.207
11;27;11_27;Kus;Control;W;0.207
11;28;11_28;Col0_acd6;#3;;0.132
11;29;11_29;HE;#1;;0.138
11;30;11_30;Eyach;Control;W;0.151
11;31;11_31;Lu;#1;;0.209
11;32;11_32;Lu;#1_boil;W;0.195
11;33;11_33;Tu-Wal_ics1;#2;;0.064
11;34;11_34;Schl;Control;W;0.269
11;35;11_35;Tu-Wal_acd6;#1_boil;W;0.115
11;36;11_36;Eyach;#3;;0.171
11;37;11_37;Tu-Wal;#3;;0.1
11;38;11_38;Tu-Wal_ics1;Control;W;0.203
11;39;11_39;HE;#3;;0.119
11;40;11_40;Col0_ics1;#1_boil;W;0.161
11;41;11_41;Tu-Wal;Control;W;0.124
11;42;11_42;Col0;#3;;0.199
11;43;11_43;Tu-Wal;#1;;0.087
11;44;11_44;Schl;#2;;0.212
11;45;11_45;Tu-Wal_ics1;#1;;0.066
11;46;11_46;Tu-Wal_acd6;#1;;0.104
11;47;11_47;Col0;Control;W;0.19
11;48;11_48;Tu-Wal_ics1;#1_boil;W;0.093
11;49;11_49;Kus;#3;;0.242
11;50;11_50;Eyach;#1;;0.113
11;51;11_51;Tu-Wal_acd6;Control;W;0.101
11;52;11_52;Schl;#3;;0.158
11;53;11_53;Lu;#2;;0.252
11;54;11_54;HE;Control;W;0.112
11;55;11_55;Tu-Wal_acd6;#3;;0.194
12;1;12_1;Schl;#2;;0.243
12;2;12_2;Tu-Wal_ics1;#2;;0.157
12;3;12_3;Col0_ics1;Control;W;0.112
12;4;12_4;Tu-Wal_ics1;Control;W;0.178
12;5;12_5;Kus;#2;;0.216
12;6;12_6;Tu-Wal_acd6;Control;W;0.124
12;7;12_7;Eyach;#2;;0.19
12;8;12_8;Eyach;#1_boil;W;0.179
12;9;12_9;HE;#2;;0.253
12;10;12_10;HE;#3;;0.183
12;11;12_11;Lu;#2;;0.149
12;12;12_12;Tu-Wal;#1;;0.051
12;13;12_13;HE;#1_boil;W;0.218
12;14;12_14;Col0_acd6;#1;;0.11
12;15;12_15;Lu;Control;W;0.187
12;16;12_16;Col0_ics1;#1_boil;W;0.127
12;17;12_17;Lu;#1_boil;W;0.194
12;18;12_18;HE;Control;W;0.206
12;19;12_19;Tu-Wal;#3;;0.077
12;20;12_20;Kus;#1;;0.09
12;21;12_21;Kus;#3;;0.165
12;22;12_22;Lu;#3;;0.317
12;23;12_23;Tu-Wal_ics1;#3;;0.079
12;24;12_24;Col0;#3;;0.267
12;25;12_25;Col0;#1;;0.196
12;26;12_26;Col0_ics1;#1;;0.062
12;27;12_27;Tu-Wal_ics1;#1_boil;W;0.078
12;28;12_28;Col0;#1_boil;W;0.214
12;29;12_29;Tu-Wal;Control;W;0.096
12;30;12_30;Eyach;#3;;0.172
12;31;12_31;Schl;#3;;0.197
12;32;12_32;Tu-Wal;#1_boil;W;0.078
12;33;12_33;HE;#1;;0.178
12;34;12_34;Tu-Wal_acd6;#1;;0.127
12;35;12_35;Eyach;Control;W;0.147
12;36;12_36;Schl;#1;;0.096
12;37;12_37;Col0_acd6;Control;W;0.179
12;38;12_38;Col0_acd6;#3;;0.144
12;39;12_39;Col0;Control;W;0.191
12;40;12_40;Schl;#1_boil;W;0.298
12;41;12_41;Kus;#1_boil;W;0.139
12;42;12_42;Tu-Wal_acd6;#1_boil;W;0.117
12;43;12_43;Col0_acd6;#1_boil;W;0.155
12;44;12_44;Tu-Wal_acd6;#2;;0.165
12;45;12_45;Col0_acd6;#2;;0.216
12;46;12_46;Schl;Control;W;0.147
12;47;12_47;Col0_ics1;#2;;0.096
12;48;12_48;Col0;#2;;0.122
12;49;12_49;Tu-Wal;#2;;0.124
12;50;12_50;Kus;Control;W;0.235
12;51;12_51;Lu;#1;;0.109
12;52;12_52;Col0_ics1;#3;;0.117
12;53;12_53;Eyach;#1;;0.116
12;54;12_54;Tu-Wal_ics1;#1;;0.145
12;55;12_55;Tu-Wal_acd6;#3;;0.156
13;1;13_1;Tu-Wal;#3;;0.064
13;2;13_2;Eyach;#1;;0.093
13;3;13_3;Col0_acd6;#3;;0.144
13;4;13_4;Tu-Wal;#1_boil;W;0.058
13;5;13_5;Col0_ics1;#3;;0.112
13;6;13_6;Schl;#2;;0.161
13;7;13_7;Col0_acd6;#1_boil;W;0.18
13;8;13_8;Tu-Wal_ics1;#2;;0.112
13;9;13_9;Tu-Wal_ics1;Control;W;0.185
13;10;13_10;Col0_ics1;Control;W;0.088
13;11;13_11;Lu;#1;;0.134
13;12;13_12;Schl;#1;;0.124
13;13;13_13;Eyach;#1_boil;W;0.146
13;14;13_14;Tu-Wal_ics1;#1_boil;W;0.155
13;15;13_15;Tu-Wal_ics1;#1;;0.08
13;16;13_16;Tu-Wal;Control;W;0.089
13;17;13_17;Kus;Control;W;0.182
13;18;13_18;Schl;Control;W;0.239
13;19;13_19;Col0;#1;;0.129
13;20;13_20;Col0_acd6;Control;W;0.186
13;21;13_21;Tu-Wal_acd6;#2;;0.187
13;22;13_22;Col0;#1_boil;W;0.24
13;23;13_23;Schl;#3;;0.161
13;24;13_24;HE;Control;W;0.205
13;25;13_25;Tu-Wal_ics1;#3;;0.154
13;26;13_26;Lu;#1_boil;W;0.151
13;27;13_27;Schl;#1_boil;W;0.151
13;28;13_28;Lu;Control;W;0.249
13;29;13_29;HE;#1_boil;W;0.197
13;30;13_30;Col0;#3;;0.253
13;31;13_31;Tu-Wal_acd6;#3;;0.131
13;32;13_32;Col0_ics1;#2;;0.127
13;33;13_33;Eyach;Control;W;0.318
13;34;13_34;Kus;#1_boil;W;0.268
13;35;13_35;HE;#1;;0.152
13;36;13_36;HE;#2;;0.267
13;37;13_37;Eyach;#3;;0.168
13;38;13_38;Col0_acd6;#1;;0.127
13;39;13_39;Kus;#1;;0.07
13;40;13_40;Tu-Wal;#1;;0.058
13;41;13_41;Col0_ics1;#1_boil;W;0.123
13;42;13_42;HE;#3;;0.126
13;43;13_43;Tu-Wal_acd6;Control;W;0.261
13;44;13_44;Tu-Wal_acd6;#1_boil;W;0.175
13;45;13_45;Tu-Wal_acd6;#1;;0.058
13;46;13_46;Kus;#2;;0.286
13;47;13_47;Tu-Wal;#2;;0.129
13;48;13_48;Col0_ics1;#1;;0.095
13;49;13_49;Col0;#2;;0.191
13;50;13_50;Kus;#3;;0.183
13;51;13_51;Col0_acd6;#2;;0.165
13;52;13_52;Eyach;#2;;0.245
13;53;13_53;Lu;#2;;0.212
13;54;13_54;Lu;#3;;0.31
13;55;13_55;Col0;Control;W;0.178
14;1;14_1;Col0;#1_boil;W;0.142
14;2;14_2;Tu-Wal;#3;;0.065
14;3;14_3;Lu;Control;W;0.193
14;4;14_4;HE;#3;;0.123
14;5;14_5;Tu-Wal;#2;;0.103
14;6;14_6;Tu-Wal_ics1;#1_boil;W;0.111
14;7;14_7;Eyach;#3;;0.146
14;8;14_8;Schl;Control;W;0.128
14;9;14_9;Kus;#1;;0.126
14;10;14_10;Tu-Wal;#1_boil;W;0.118
14;11;14_11;Col0_acd6;#3;;0.113
14;12;14_12;Kus;#3;;0.219
14;13;14_13;Col0_ics1;Control;W;0.137
14;14;14_14;Tu-Wal_acd6;#3;;0.113
14;15;14_15;Schl;#3;;0.121
14;16;14_16;Tu-Wal_acd6;Control;W;0.112
14;17;14_17;Col0;#1;;0.191
14;18;14_18;Col0_ics1;#2;;0.09
14;19;14_19;Tu-Wal_ics1;#2;;0.167
14;20;14_20;Tu-Wal_ics1;#1;;0.054
14;21;14_21;Eyach;#2;;0.24
14;22;14_22;Col0_ics1;#3;;0.163
14;23;14_23;Col0_acd6;Control;W;0.128
14;24;14_24;Kus;Control;W;0.25
14;25;14_25;Eyach;#1;;0.159
14;26;14_26;HE;Control;W;0.334
14;27;14_27;Col0;#2;;0.132
14;28;14_28;Col0_acd6;#2;;0.147
14;29;14_29;HE;#1_boil;W;0.165
14;30;14_30;Tu-Wal_acd6;#1;;0.092
14;31;14_31;Schl;#1_boil;W;0.24
14;32;14_32;Lu;#2;;0.152
14;33;14_33;Lu;#3;;0.227
14;34;14_34;Col0;Control;W;0.174
14;35;14_35;Kus;#2;;0.269
14;36;14_36;Tu-Wal_ics1;#3;;0.115
14;37;14_37;Schl;#1;;0.109
14;38;14_38;HE;#1;;0.147
14;39;14_39;Tu-Wal_acd6;#2;;0.194
14;40;14_40;Lu;#1;;0.111
14;41;14_41;Schl;#2;;0.29
14;42;14_42;Tu-Wal;#1;;0.052
14;43;14_43;Tu-Wal;Control;W;0.136
14;44;14_44;Col0_acd6;#1;;0.112
14;45;14_45;Tu-Wal_acd6;#1_boil;W;0.169
14;46;14_46;Eyach;#1_boil;W;0.303
14;47;14_47;Col0;#3;;0.257
14;48;14_48;Col0_acd6;#1_boil;W;0.205
14;49;14_49;Eyach;Control;W;0.184
14;50;14_50;Col0_ics1;#1;;0.075
14;51;14_51;HE;#2;;0.345
14;52;14_52;Tu-Wal_ics1;Control;W;0.117
14;53;14_53;Col0_ics1;#1_boil;W;0.116
14;54;14_54;Lu;#1_boil;W;0.303
14;55;14_55;Kus;#1_boil;W;0.109
15;1;15_1;Col0_ics1;#2;;0.077
15;2;15_2;Lu;#2;;0.296
15;3;15_3;Eyach;Control;W;0.218
15;4;15_4;HE;#3;;0.121
15;5;15_5;Col0;Control;;0.137
15;6;15_6;Eyach;#3;;0.127
15;7;15_7;Col0_ics1;Control;W;0.088
15;8;15_8;HE;#1;;0.258
15;9;15_9;HE;#2;;0.258
15;10;15_10;Tu-Wal_acd6;#1_boil;W;0.147
15;11;15_11;Col0_ics1;#1_boil;W;0.088
15;12;15_12;Lu;#1_boil;W;0.21
15;13;15_13;Tu-Wal_acd6;Control;W;0.194
15;14;15_14;Lu;#3;;0.217
15;15;15_15;Tu-Wal_ics1;#2;;0.126
15;16;15_16;Tu-Wal_ics1;#1;;0.07
15;17;15_17;Eyach;#1_boil;W;0.228
15;18;15_18;Tu-Wal_acd6;#1;;0.06
15;19;15_19;Tu-Wal_acd6;#2;;0.204
15;20;15_20;Lu;#1;;0.228
15;21;15_21;Schl;#2;;0.215
15;22;15_22;Col0_acd6;#2;;0.152
15;23;15_23;Col0_acd6;#1_boil;W;0.139
15;24;15_24;Col0_ics1;#3;;0.079
15;25;15_25;Col0_acd6;#3;;0.091
15;27;15_27;HE;#1_boil;W;0.114
15;28;15_28;Tu-Wal_ics1;Control;W;0.102
15;29;15_29;Eyach;#2;;0.268
15;31;15_31;Col0;#2;;0.187
15;32;15_32;Col0;#1;;0.153
15;33;15_33;Lu;Control;W;0.216
15;34;15_34;Tu-Wal;#2;;0.128
15;35;15_35;Col0_ics1;#1;;0.08
15;36;15_36;Tu-Wal_acd6;#3;;0.122
15;37;15_37;Eyach;#1;;0.187
15;38;15_38;Tu-Wal;#1;;0.047
15;39;15_39;Col0_acd6;#1;;0.132
15;40;15_40;Col0;#1_boil;W;0.146
15;41;15_41;Tu-Wal;#3;;0.095
15;42;15_42;Tu-Wal_ics1;#1_boil;W;0.078
15;43;15_43;Kus;#1_boil;W;0.165
15;44;15_44;HE;Control;W;0.175
15;45;15_45;Kus;Control;W;0.216
15;46;15_46;Schl;#1_boil;W;0.142
15;47;15_47;Kus;#1;;0.101
15;48;15_48;Tu-Wal;#1_boil;W;0.104
15;49;15_49;Schl;#1;;0.127
15;50;15_50;Kus;#2;;0.244
15;51;15_51;Tu-Wal;Control;W;0.084
15;52;15_52;Tu-Wal_ics1;#3;;0.136
15;53;15_53;Col0;#3;;0.139
15;54;15_54;Kus;#3;;0.125
15;55;15_55;Col0_acd6;Control;W;0.121
16;1;16_1;Tu-Wal;#3;;0.098
16;2;16_2;Col0_acd6;#2;;0.162
16;3;16_3;Eyach;#2;;0.377
16;4;16_4;Schl;Control;W;0.174
16;5;16_5;HE;#3;;0.2
16;6;16_6;HE;#2;;0.225
16;7;16_7;Schl;#2;;0.239
16;8;16_8;Schl;#1_boil;W;0.272
16;9;16_9;Kus;#1_boil;W;0.142
16;10;16_10;Tu-Wal;#1;;0.059
16;11;16_11;Col0_ics1;#2;;0.14
16;12;16_12;Col0_ics1;#1_boil;W;0.088
16;13;16_13;Schl;#3;;0.119
16;14;16_14;Col0;#1_boil;;0.157
16;15;16_15;Tu-Wal_ics1;#1;;0.084
16;16;16_16;Lu;#1;;0.177
16;17;16_17;Eyach;#1_boil;W;0.297
16;18;16_18;Col0;#3;;0.114
16;19;16_19;HE;Control;W;0.352
16;20;16_20;Tu-Wal_acd6;#1;;0.082
16;21;16_21;Tu-Wal_acd6;#2;;0.211
16;22;16_22;HE;#1;;0.137
16;23;16_23;Lu;#1_boil;W;0.182
16;24;16_24;Tu-Wal;Control;W;0.075
16;25;16_25;Col0_acd6;Control;W;0.143
16;26;16_26;Lu;Control;W;0.206
16;27;16_27;HE;#1_boil;W;0.205
16;28;16_28;Col0_acd6;#1;;0.093
16;29;16_29;Tu-Wal_acd6;#3;;0.126
16;30;16_30;Tu-Wal_ics1;#3;;0.101
16;31;16_31;Col0;Control;;0.085
16;32;16_32;Lu;#3;;0.387
16;33;16_33;Col0_acd6;#3;;0.167
16;34;16_34;Col0_ics1;Control;W;0.113
16;35;16_35;Tu-Wal;#2;;0.111
16;36;16_36;Col0_acd6;#1_boil;W;0.115
16;37;16_37;Kus;#1;;0.149
16;38;16_38;Lu;#2;;0.281
16;39;16_39;Tu-Wal_ics1;#1_boil;W;0.14
16;40;16_40;Eyach;#1;;0.146
16;41;16_41;Eyach;Control;W;0.206
16;42;16_42;Tu-Wal_ics1;Control;W;0.211
16;43;16_43;Kus;#3;;0.209
16;44;16_44;Kus;#2;;0.314
16;45;16_45;Col0;#2;;0.252
16;46;16_46;Col0;#1;;0.078
16;47;16_47;Schl;#1;;0.122
16;48;16_48;Tu-Wal_acd6;#1_boil;W;0.222
16;49;16_49;Tu-Wal_acd6;Control;W;0.153
16;50;16_50;Tu-Wal_ics1;#2;;0.145
16;51;16_51;Col0_ics1;#1;;0.066
16;52;16_52;Kus;Control;W;0.173
16;53;16_53;Eyach;#3;;0.154
16;54;16_54;Tu-Wal;#1_boil;W;0.098
16;55;16_55;Col0_ics1;#3;;0.129
17;1;17_1;Kus;Control;W;0.156
17;2;17_2;Col0_ics1;#1_boil;W;0.157
17;3;17_3;Lu;#1_boil;W;0.28
17;4;17_4;Col0_acd6;#1;;0.138
17;5;17_5;Eyach;#1;;0.102
17;6;17_6;HE;#1_boil;W;0.255
17;7;17_7;Tu-Wal_acd6;Control;W;0.168
17;8;17_8;Tu-Wal_acd6;#2;;0.161
17;9;17_9;Eyach;Control;W;0.28
17;10;17_10;Col0_acd6;Control;W;0.127
17;11;17_11;Lu;#2;;0.169
17;12;17_12;Lu;#1;;0.148
17;13;17_13;Kus;#2;;0.237
17;14;17_14;Tu-Wal_acd6;#1_boil;W;0.219
17;15;17_15;HE;#1;;0.123
17;16;17_16;Tu-Wal;#3;;0.08
17;17;17_17;Lu;Control;W;0.132
17;18;17_18;Col0_acd6;#2;;0.111
17;19;17_19;Eyach;#1_boil;W;0.279
17;20;17_20;Col0_ics1;#2;;0.133
17;21;17_21;Tu-Wal_acd6;#1;;0.143
17;22;17_22;Col0_acd6;#3;;0.13
17;23;17_23;Tu-Wal_ics1;#3;;0.106
17;24;17_24;Lu;#3;;0.17
17;25;17_25;Tu-Wal_ics1;Control;W;0.276
17;26;17_26;Kus;#1;;0.095
17;27;17_27;Schl;#2;;0.184
17;28;17_28;Col0_acd6;#1_boil;W;0.149
17;29;17_29;Tu-Wal_acd6;#3;;0.091
17;30;17_30;Tu-Wal;#1;;0.073
17;31;17_31;Col0;#1_boil;W;0.221
17;32;17_32;Eyach;#3;;0.217
17;33;17_33;Tu-Wal;Control;W;0.1
17;34;17_34;Schl;#1;;0.15
17;35;17_35;Schl;#3;;0.292
17;36;17_36;Col0;#3;;0.151
17;37;17_37;Tu-Wal_ics1;#1;;0.147
17;38;17_38;Schl;#1_boil;W;0.219
17;39;17_39;Tu-Wal;#2;;0.116
17;40;17_40;HE;#3;;0.315
17;41;17_41;Kus;#1_boil;W;0.176
17;42;17_42;Col0_ics1;#3;;0.133
17;43;17_43;Col0;#2;;0.142
17;44;17_44;Col0;#1;;0.13
17;45;17_45;Col0;Control;;0.16
17;46;17_46;Tu-Wal;#1_boil;W;0.087
17;47;17_47;Tu-Wal_ics1;#2;;0.171
17;48;17_48;HE;#2;;0.275
17;49;17_49;Col0_ics1;Control;W;0.145
17;50;17_50;Eyach;#2;;0.216
17;51;17_51;Col0_ics1;#1;;0.065
17;52;17_52;HE;Control;W;0.256
17;53;17_53;Kus;#3;;0.155
17;54;17_54;Schl;Control;W;0.265
17;55;17_55;Tu-Wal_ics1;#1_boil;W;0.143
18;1;18_1;Schl;#2;;0.216
18;2;18_2;Eyach;#2;;0.185
18;3;18_3;HE;#3;;0.266
18;4;18_4;Tu-Wal;#3;;0.115
18;5;18_5;Schl;#1;;0.14
18;6;18_6;Eyach;#1_boil;W;0.257
18;7;18_7;Lu;Control;W;0.171
18;8;18_8;Lu;#1;;0.205
18;9;18_9;Kus;Control;W;0.254
18;10;18_10;Tu-Wal_ics1;#1_boil;W;0.132
18;11;18_11;Col0_ics1;#3;;0.134
18;12;18_12;Schl;Control;W;0.167
18;13;18_13;Lu;#3;;0.266
18;14;18_14;Tu-Wal_ics1;Control;W;0.233
18;15;18_15;Kus;#2;;0.183
18;16;18_16;Tu-Wal_acd6;#2;;0.135
18;17;18_17;Tu-Wal_ics1;#3;;0.093
18;18;18_18;Lu;#2;;0.207
18;19;18_19;Col0_acd6;#1_boil;W;0.156
18;20;18_20;Schl;#1_boil;W;0.122
18;21;18_21;Col0;#3;;0.168
18;22;18_22;Col0_ics1;Control;W;0.102
18;23;18_23;Col0;Control;W;0.116
18;24;18_24;Tu-Wal;Control;W;0.122
18;25;18_25;Tu-Wal_ics1;#1;;0.162
18;26;18_26;Kus;#1_boil;W;0.188
18;27;18_27;Col0_acd6;#2;;0.161
18;28;18_28;Tu-Wal;#2;;0.166
18;29;18_29;Col0_ics1;#2;;0.228
18;30;18_30;HE;#2;;0.262
18;31;18_31;Col0_ics1;#1;;0.089
18;32;18_32;Eyach;#1;;0.13
18;33;18_33;Schl;#3;;0.238
18;34;18_34;Tu-Wal_acd6;#1;;0.087
18;35;18_35;Col0_acd6;Control;W;0.131
18;36;18_36;Tu-Wal_acd6;Control;W;0.159
18;37;18_37;Kus;#3;;0.179
18;38;18_38;Tu-Wal_ics1;#2;;0.225
18;39;18_39;Tu-Wal_acd6;#1_boil;W;0.169
18;40;18_40;Tu-Wal_acd6;#3;;0.094
18;41;18_41;HE;Control;W;0.219
18;42;18_42;HE;#1;;0.206
18;43;18_43;Tu-Wal;#1_boil;W;0.078
18;44;18_44;Col0_ics1;#1_boil;W;0.098
18;45;18_45;Lu;#1_boil;W;0.172
18;46;18_46;Col0;#2;;0.149
18;47;18_47;Tu-Wal;#1;;0.082
18;48;18_48;Eyach;#3;;0.203
18;49;18_49;Eyach;Control;W;0.27
18;50;18_50;Col0;#1_boil;;0.138
18;51;18_51;HE;#1_boil;W;0.115
18;52;18_52;Col0_acd6;#3;;0.222
18;53;18_53;Col0;#1;;0.174
18;54;18_54;Kus;#1;;0.092
18;55;18_55;Col0_acd6;#1;;0.157
19;1;19_1;Tu-Wal_ics1;#3;;0.088
19;2;19_2;Schl;#1;;0.087
19;3;19_3;HE;#1_boil;W;0.148
19;4;19_4;Col0_acd6;#2;;0.083
19;5;19_5;Col0_ics1;#2;;0.138
19;6;19_6;Col0;Control;W;0.138
19;7;19_7;Tu-Wal_acd6;#3;;0.121
19;8;19_8;Col0;#2;;0.133
19;9;19_9;Tu-Wal;#1;;0.072
19;10;19_10;Col0;#3;;0.169
19;11;19_11;Tu-Wal;#3;;0.047
19;13;19_13;Schl;#3;;0.138
19;14;19_14;Kus;#2;;0.142
19;15;19_15;HE;Control;W;0.262
19;16;19_16;Tu-Wal;#2;;0.125
19;17;19_17;Col0_ics1;#1_boil;W;0.104
19;18;19_18;Lu;Control;W;0.217
19;19;19_19;Tu-Wal_acd6;Control;W;0.176
19;20;19_20;Tu-Wal_ics1;#1_boil;W;0.115
19;21;19_21;Col0_ics1;#1;;0.054
19;22;19_22;Schl;Control;W;0.165
19;23;19_23;Eyach;#3;;0.183
19;24;19_24;Col0_acd6;#3;;0.196
19;25;19_25;Eyach;#1;;0.12
19;26;19_26;Col0_acd6;Control;W;0.145
19;27;19_27;Lu;#1_boil;W;0.214
19;28;19_28;Col0_acd6;#1_boil;W;0.16
19;29;19_29;Kus;#3;;0.127
19;30;19_30;Kus;#1;;0.09
19;31;19_31;Tu-Wal_acd6;#1;;0.089
19;32;19_32;Eyach;#1_boil;W;0.183
19;33;19_33;Eyach;Control;W;0.194
19;34;19_34;Tu-Wal_ics1;Control;W;0.121
19;35;19_35;Tu-Wal_ics1;#2;;0.161
19;36;19_36;Col0;#1;;0.117
19;37;19_37;Col0;#1_boil;W;0.168
19;38;19_38;Tu-Wal_ics1;#1;;0.122
19;39;19_39;Tu-Wal_acd6;#1_boil;W;0.131
19;40;19_40;HE;#2;;0.228
19;41;19_41;Col0_acd6;#1;;0.124
19;42;19_42;Kus;Control;W;0.137
19;43;19_43;HE;#1;;0.227
19;44;19_44;Lu;#2;;0.223
19;45;19_45;Schl;#2;;0.19
19;46;19_46;Tu-Wal;#1_boil;W;0.15
19;47;19_47;Lu;#1;;0.11
19;48;19_48;Col0_ics1;#3;;0.107
19;49;19_49;HE;#3;;0.304
19;50;19_50;Tu-Wal_acd6;#2;;0.137
19;51;19_51;Tu-Wal;Control;W;0.084
19;52;19_52;Lu;#3;;0.22
19;53;19_53;Eyach;#2;;0.233
19;54;19_54;Kus;#1_boil;W;0.237
19;55;19_55;Col0_ics1;Control;W;0.153
20;1;20_1;Col0;#3;;0.092
20;2;20_2;Col0_ics1;Control;W;0.099
20;3;20_3;Tu-Wal_ics1;#1;;0.159
20;4;20_4;Col0_ics1;#2;;0.105
20;5;20_5;Eyach;#3;;0.194
20;6;20_6;Eyach;#2;;0.247
20;7;20_7;Lu;#2;;0.112
20;8;20_8;HE;#3;;0.253
20;9;20_9;Tu-Wal_acd6;#3;;0.103
20;10;20_10;Kus;#1_boil;W;0.181
20;11;20_11;Lu;Control;W;0.198
20;12;20_12;Lu;#1;;0.15
20;13;20_13;Eyach;#1_boil;W;0.087
20;14;20_14;Col0_acd6;#1_boil;W;0.166
20;15;20_15;Col0_acd6;#3;;0.213
20;16;20_16;HE;Control;W;0.19
20;17;20_17;Schl;#1_boil;W;0.206
20;18;20_18;Schl;#1;;0.096
20;19;20_19;Tu-Wal;#1;;0.073
20;20;20_20;Col0_acd6;#2;;0.186
20;21;20_21;Eyach;#1;;0.144
20;22;20_22;Lu;#3;;0.185
20;23;20_23;Schl;Control;W;0.223
20;24;20_24;Col0;#2;;0.175
20;25;20_25;HE;#1_boil;W;0.342
20;26;20_26;Tu-Wal_acd6;#1;;0.08
20;27;20_27;Tu-Wal;Control;W;0.121
20;28;20_28;Kus;Control;W;0.201
20;29;20_29;Col0_acd6;#1;;0.126
20;30;20_30;Tu-Wal_ics1;#1_boil;W;0.118
20;31;20_31;Col0_ics1;#1;;0.11
20;32;20_32;Lu;#1_boil;W;0.198
20;33;20_33;Tu-Wal_acd6;#1_boil;W;0.093
20;34;20_34;Tu-Wal_ics1;Control;W;0.136
20;35;20_35;Tu-Wal_acd6;Control;W;0.144
20;36;20_36;Schl;#2;;0.304
20;37;20_37;Kus;#3;;0.177
20;38;20_38;Kus;#1;;0.135
20;39;20_39;Tu-Wal_acd6;#2;;0.111
20;40;20_40;Tu-Wal;#2;;0.136
20;41;20_41;Tu-Wal_ics1;#2;;0.189
20;42;20_42;Eyach;Control;W;0.223
20;43;20_43;Col0_acd6;Control;W;0.148
20;44;20_44;Col0_ics1;#3;;0.149
20;45;20_45;Col0;#1;;0.111
20;46;20_46;Col0;Control;;0.118
20;47;20_47;Tu-Wal_ics1;#3;;0.105
20;48;20_48;HE;#2;;0.277
20;49;20_49;HE;#1;;0.185
20;50;20_50;Kus;#2;;0.205
20;51;20_51;Tu-Wal;#3;;0.104
20;52;20_52;Col0_ics1;#1_boil;W;0.102
20;53;20_53;Tu-Wal;#1_boil;W;0.096
20;54;20_54;Col0;#1_boil;;0.195
20;55;20_55;Schl;#3;;0.195
21;1;21_1;Kus;Control;W;0.21
21;2;21_2;Kus;#3;;0.281
21;3;21_3;Lu;#3;;0.247
21;4;21_4;Tu-Wal_ics1;#1;;0.216
21;5;21_5;Schl;#2;;0.156
21;6;21_6;Tu-Wal_acd6;#2;;0.144
21;7;21_7;Eyach;Control;W;0.375
21;8;21_8;Col0_ics1;#1;;0.083
21;9;21_9;Tu-Wal_acd6;#1_boil;W;0.118
21;10;21_10;Tu-Wal_acd6;Control;W;0.265
21;11;21_11;Kus;#1_boil;W;0.212
21;12;21_12;Tu-Wal;Control;W;0.114
21;13;21_13;HE;#1;;0.128
21;14;21_14;HE;#1_boil;W;0.278
21;15;21_15;Kus;#1;;0.147
21;16;21_16;Lu;Control;W;0.176
21;17;21_17;Col0_ics1;#2;;0.194
21;18;21_18;Schl;#1_boil;W;0.292
21;19;21_19;Col0_acd6;#3;;0.113
21;20;21_20;Tu-Wal_acd6;#3;;0.121
21;21;21_21;Tu-Wal_ics1;#2;;0.164
21;22;21_22;HE;Control;W;0.24
21;23;21_23;Col0_ics1;#3;;0.107
21;24;21_24;Eyach;#1;;0.157
21;25;21_25;Tu-Wal_ics1;Control;W;0.175
21;26;21_26;Lu;#2;;0.218
21;27;21_27;Schl;#3;;0.204
21;28;21_28;Tu-Wal_ics1;#1_boil;W;0.221
21;29;21_29;Eyach;#1_boil;W;0.299
21;30;21_30;Tu-Wal_acd6;#1;;0.134
21;31;21_31;Col0_ics1;Control;W;0.098
21;32;21_32;Tu-Wal;#2;;0.13
21;33;21_33;Kus;#2;;0.247
21;34;21_34;Eyach;#3;;0.194
21;35;21_35;Col0_acd6;#2;;0.179
21;36;21_36;HE;#2;;0.273
21;37;21_37;Col0_acd6;#1;;0.121
21;38;21_38;Lu;#1;;0.14
21;39;21_39;Col0_acd6;Control;W;0.211
21;40;21_40;Schl;Control;W;0.356
21;41;21_41;Col0;#1;;0.123
21;42;21_42;Col0;#1_boil;;0.207
21;43;21_43;Tu-Wal;#1_boil;W;0.109
21;44;21_44;Col0_ics1;#1_boil;W;0.12
21;45;21_45;Eyach;#2;;0.32
21;46;21_46;Col0;Control;;0.182
21;47;21_47;Tu-Wal_ics1;#3;;0.166
21;48;21_48;Col0;#3;;0.182
21;49;21_49;HE;#3;;0.269
21;50;21_50;Tu-Wal;#3;;0.07
21;51;21_51;Lu;#1_boil;W;0.21
21;52;21_52;Col0;#2;;0.141
21;53;21_53;Schl;#1;;0.173
21;54;21_54;Tu-Wal;#1;;0.117
21;55;21_55;Col0_acd6;#1_boil;W;0.154
22;1;22_1;HE;#3;;0.187
22;2;22_2;Tu-Wal;Control;W;0.109
22;3;22_3;Kus;#2;;0.128
22;4;22_4;Col0;#1_boil;;0.153
22;5;22_5;Kus;#3;;0.132
22;6;22_6;HE;#1;;0.132
22;7;22_7;Col0_acd6;#2;;0.15
22;8;22_8;Tu-Wal_ics1;Control;W;0.185
22;9;22_9;Tu-Wal;#2;;0.088
22;10;22_10;Col0_acd6;#1_boil;W;0.119
22;11;22_11;Col0;Control;W;
22;12;22_12;Tu-Wal_ics1;#2;;0.142
22;13;22_13;Eyach;#1_boil;W;0.281
22;14;22_14;Schl;#3;;0.18
22;15;22_15;Schl;#1_boil;W;0.187
22;16;22_16;Tu-Wal;#1;;0.062
22;17;22_17;Col0_acd6;#1;;0.066
22;18;22_18;Col0_ics1;#1;;0.074
22;19;22_19;Tu-Wal_ics1;#1_boil;W;0.163
22;20;22_20;Tu-Wal_acd6;#1;;0.107
22;21;22_21;Tu-Wal_ics1;#1;;0.064
22;22;22_22;Tu-Wal_acd6;#1_boil;W;0.145
22;23;22_23;Col0_acd6;Control;W;0.155
22;24;22_24;Col0_ics1;#1_boil;W;0.126
22;25;22_25;Lu;#1_boil;W;0.25
22;26;22_26;HE;#1_boil;W;0.189
22;27;22_27;Lu;Control;W;0.226
22;28;22_28;Col0;#2;;0.111
22;29;22_29;Eyach;#2;;0.252
22;30;22_30;Tu-Wal_acd6;#2;;0.176
22;31;22_31;Lu;#1;;0.132
22;32;22_32;Kus;#1;;0.119
22;33;22_33;Lu;#3;;0.231
22;34;22_34;Tu-Wal_acd6;#3;;0.178
22;35;22_35;Col0;#3;;0.211
22;36;22_36;Col0_ics1;#2;;0.108
22;37;22_37;Col0_acd6;#3;;0.182
22;38;22_38;Eyach;Control;W;0.269
22;39;22_39;Tu-Wal_acd6;Control;W;0.117
22;40;22_40;Col0;#1;;0.197
22;41;22_41;Col0_ics1;Control;W;0.212
22;42;22_42;Schl;Control;W;0.306
22;43;22_43;Kus;#1_boil;W;0.238
22;44;22_44;Tu-Wal;#1_boil;W;0.098
22;45;22_45;HE;#2;;0.257
22;46;22_46;Eyach;#3;;0.255
22;47;22_47;Kus;Control;W;0.327
22;48;22_48;HE;Control;W;0.27
22;49;22_49;Tu-Wal_ics1;#3;;0.119
22;50;22_50;Eyach;#1;;0.249
22;51;22_51;Schl;#1;;0.211
22;52;22_52;Tu-Wal;#3;;0.087
22;53;22_53;Col0_ics1;#3;;0.128
22;54;22_54;Schl;#2;;0.222
22;55;22_55;Lu;#2;;0.26
23;1;23_1;Tu-Wal_acd6;#1;;0.08
23;2;23_2;Col0_ics1;#1_boil;W;0.141
23;3;23_3;Tu-Wal_acd6;#2;;0.197
23;4;23_4;Eyach;#1;;0.348
23;5;23_5;Col0_ics1;#3;;0.256
23;6;23_6;Col0_ics1;#2;;0.139
23;7;23_7;Tu-Wal;#1_boil;W;0.111
23;8;23_8;Lu;#1_boil;W;0.225
23;9;23_9;Tu-Wal;#3;;0.143
23;10;23_10;HE;Control;W;0.222
23;11;23_11;Kus;Control;W;0.219
23;12;23_12;Tu-Wal;Control;W;0.153
23;13;23_13;Col0;#1;;0.094
23;14;23_14;Tu-Wal_ics1;#1;;0.087
23;15;23_15;HE;#3;;0.188
23;16;23_16;Lu;#3;;0.293
23;17;23_17;Kus;#3;;0.234
23;18;23_18;Col0_acd6;#1;;0.118
23;19;23_19;Col0;#2;;0.11
23;20;23_20;Col0_ics1;#1;;0.086
23;21;23_21;Schl;#2;;0.235
23;22;23_22;Tu-Wal;#1;;0.046
23;23;23_23;Tu-Wal_ics1;#1_boil;W;0.201
23;24;23_24;Eyach;#1_boil;W;0.332
23;25;23_25;Schl;Control;W;0.139
23;26;23_26;Eyach;Control;W;0.271
23;27;23_27;Tu-Wal;#2;;0.145
23;28;23_28;Lu;Control;W;0.233
23;29;23_29;Tu-Wal_acd6;#1_boil;W;0.177
23;30;23_30;HE;#2;;0.213
23;31;23_31;Kus;#2;;0.205
23;32;23_32;Schl;#1_boil;W;0.146
23;33;23_33;Tu-Wal_acd6;Control;W;0.129
23;34;23_34;Eyach;#2;;0.408
23;35;23_35;Col0_acd6;Control;W;0.158
23;36;23_36;Col0_ics1;Control;W;0.176
23;37;23_37;Schl;#1;;0.152
23;38;23_38;Col0;#3;;0.194
23;39;23_39;Tu-Wal_ics1;Control;W;0.177
23;40;23_40;Kus;#1_boil;W;0.183
23;41;23_41;Tu-Wal_acd6;#3;;0.168
23;42;23_42;Col0;Control;;0.138
23;43;23_43;Lu;#2;;0.208
23;44;23_44;Kus;#1;;0.092
23;45;23_45;Schl;#3;;0.203
23;46;23_46;Col0_acd6;#1_boil;W;0.132
23;47;23_47;Col0_acd6;#2;;0.124
23;48;23_48;Tu-Wal_ics1;#3;;0.169
23;49;23_49;Col0;#1_boil;;0.169
23;50;23_50;Tu-Wal_ics1;#2;;0.127
23;51;23_51;HE;#1;;0.21
23;52;23_52;Eyach;#3;;0.238
23;53;23_53;Lu;#1;;0.154
23;54;23_54;HE;#1_boil;W;
23;55;23_55;Col0_acd6;#3;;0.212